x,w_analytical,M_analytical
0.000000000000000000e+00,-0.000000000000000000e+00,-5.000000000000000000e+02
1.001001001001000992e-03,-1.431050278206519757e-07,-4.989995000005010297e+02
2.002002002002001985e-03,-5.720381478296076604e-07,-4.980000020040059781e+02
3.003003003003002977e-03,-1.286226845309560407e-06,-4.970015060105150155e+02
4.004004004004003969e-03,-2.285099179492794061e-06,-4.960040120200280285e+02
5.005005005005004962e-03,-3.568083783561184656e-06,-4.950075200325450737e+02
6.006006006006005954e-03,-5.134609864646199034e-06,-4.940120300480660376e+02
7.007007007007006946e-03,-6.984107203828895167e-06,-4.930175420665910906e+02
8.008008008008007939e-03,-9.116006156139922577e-06,-4.920240560881201759e+02
9.009009009009008931e-03,-1.152973765055952361e-05,-4.910315721126532367e+02
1.001001001001000992e-02,-1.422473319001752835e-05,-4.900400901401902161e+02
1.101101101101101092e-02,-1.720042485139335886e-05,-4.890496101707312846e+02
1.201201201201201191e-02,-2.045624528551604187e-05,-4.880601322042763286e+02
1.301301301301301290e-02,-2.399162771716415460e-05,-4.870716562408254049e+02
1.401401401401401389e-02,-2.780600594506593316e-05,-4.860841822803784567e+02
1.501501501501501488e-02,-3.189881434189913530e-05,-4.850977103229355407e+02
1.601601601601601588e-02,-3.626948785429114552e-05,-4.841122403684966571e+02
1.701701701701701513e-02,-4.091746200281894450e-05,-4.831277724170617489e+02
1.801801801801801786e-02,-4.584217288200910235e-05,-4.821443064686307594e+02
1.901901901901902059e-02,-5.104305716033776170e-05,-4.811618425232038589e+02
2.002002002002001985e-02,-5.651955208023065120e-05,-4.801803805807809908e+02
2.102102102102101910e-02,-6.227109545806311266e-05,-4.791999206413620982e+02
2.202202202202202183e-02,-6.829712568416011461e-05,-4.782204627049471810e+02
2.302302302302302456e-02,-7.459708172279615060e-05,-4.772420067715362961e+02
2.402402402402402382e-02,-8.117040311219531382e-05,-4.762645528411294436e+02
2.502502502502502307e-02,-8.801652996453127671e-05,-4.752881009137265664e+02
2.602602602602602580e-02,-9.513490296592741295e-05,-4.743126509893276648e+02
2.702702702702702853e-02,-1.025249633764565942e-04,-4.733382030679327954e+02
2.802802802802802778e-02,-1.101861530301411900e-04,-4.723647571495419584e+02
2.902902902902902704e-02,-1.181179143349534068e-04,-4.713923132341550968e+02
3.003003003003002977e-02,-1.263196902728148268e-04,-4.704208713217722106e+02
3.103103103103103250e-02,-1.347909243995966931e-04,-4.694504314123933568e+02
3.203203203203203175e-02,-1.435310608451198684e-04,-4.684809935060185353e+02
3.303303303303303101e-02,-1.525395443131547814e-04,-4.675125576026477461e+02
3.403403403403403027e-02,-1.618158200814214399e-04,-4.665451237022808186e+02
3.503503503503503647e-02,-1.713593340015895394e-04,-4.655786918049180372e+02
3.603603603603603572e-02,-1.811695324992781378e-04,-4.646132619105592312e+02
3.703703703703703498e-02,-1.912458625740561977e-04,-4.636488340192043438e+02
3.803803803803804118e-02,-2.015877717994419627e-04,-4.626854081308535456e+02
3.903903903903904044e-02,-2.121947083229034996e-04,-4.617229842455067796e+02
4.004004004004003969e-02,-2.230661208658582919e-04,-4.607615623631639892e+02
4.104104104104103895e-02,-2.342014587236736461e-04,-4.598011424838251742e+02
4.204204204204203821e-02,-2.456001717656660960e-04,-4.588417246074903346e+02
4.304304304304304440e-02,-2.572617104351022964e-04,-4.578833087341595842e+02
4.404404404404404366e-02,-2.691855257491978853e-04,-4.569258948638328093e+02
4.504504504504504292e-02,-2.813710692991185135e-04,-4.559694829965100098e+02
4.604604604604604912e-02,-2.938177932499794111e-04,-4.550140731321912426e+02
4.704704704704704837e-02,-3.065251503408451166e-04,-4.540596652708765077e+02
4.804804804804804763e-02,-3.194925938847299643e-04,-4.531062594125657483e+02
4.904904904904904689e-02,-3.327195777685978137e-04,-4.521538555572589644e+02
5.005005005005004615e-02,-3.462055564533622122e-04,-4.512024537049562127e+02
5.105105105105105234e-02,-3.599499849738863402e-04,-4.502520538556574365e+02
5.205205205205205160e-02,-3.739523189389826869e-04,-4.493026560093627495e+02
5.305305305305305086e-02,-3.882120145314135913e-04,-4.483542601660719811e+02
5.405405405405405705e-02,-4.027285285078909720e-04,-4.474068663257852450e+02
5.505505505505505631e-02,-4.175013181990759473e-04,-4.464604744885025411e+02
5.605605605605605557e-02,-4.325298415095798652e-04,-4.455150846542238128e+02
5.705705705705705483e-02,-4.478135569179633822e-04,-4.445706968229490599e+02
5.805805805805805409e-02,-4.633519234767365168e-04,-4.436273109946783393e+02
5.905905905905906028e-02,-4.791444008123591923e-04,-4.426849271694116510e+02
6.006006006006005954e-02,-4.951904491252407487e-04,-4.417435453471489950e+02
6.106106106106105880e-02,-5.114895291897401594e-04,-4.408031655278902576e+02
6.206206206206206499e-02,-5.280411023541660854e-04,-4.398637877116355526e+02
6.306306306306305731e-02,-5.448446305407764418e-04,-4.389254118983848798e+02
6.406406406406406351e-02,-5.618995762457795360e-04,-4.379880380881381825e+02
6.506506506506506970e-02,-5.792054025393322250e-04,-4.370516662808955175e+02
6.606606606606606202e-02,-5.967615730655414326e-04,-4.361162964766568280e+02
6.706706706706706822e-02,-6.145675520424641498e-04,-4.351819286754221707e+02
6.806806806806806054e-02,-6.326228042621059172e-04,-4.342485628771915458e+02
6.906906906906906674e-02,-6.509267950904231012e-04,-4.333161990819648395e+02
7.007007007007007293e-02,-6.694789904673205090e-04,-4.323848372897421655e+02
7.107107107107106525e-02,-6.882788569066532322e-04,-4.314544775005235806e+02
7.207207207207207145e-02,-7.073258614962257785e-04,-4.305251197143089144e+02
7.307307307307307764e-02,-7.266194718977921812e-04,-4.295967639310982236e+02
7.407407407407406996e-02,-7.461591563470558897e-04,-4.286694101508916219e+02
7.507507507507507616e-02,-7.659443836536704211e-04,-4.277430583736889957e+02
7.607607607607608236e-02,-7.859746232012389255e-04,-4.268177085994903450e+02
7.707707707707707467e-02,-8.062493449473132111e-04,-4.258933608282957266e+02
7.807807807807808087e-02,-8.267680194233956951e-04,-4.249700150601051405e+02
7.907907907907907319e-02,-8.475301177349378861e-04,-4.240476712949185298e+02
8.008008008008007939e-02,-8.685351115613413600e-04,-4.231263295327359515e+02
8.108108108108108558e-02,-8.897824731559565671e-04,-4.222059897735573486e+02
8.208208208208207790e-02,-9.112716753460838081e-04,-4.212866520173827212e+02
8.308308308308308410e-02,-9.330021915329733424e-04,-4.203683162642121829e+02
8.408408408408407642e-02,-9.549734956918244123e-04,-4.194509825140455632e+02
8.508508508508508261e-02,-9.771850623717869781e-04,-4.185346507668829759e+02
8.608608608608608881e-02,-9.996363666959591152e-04,-4.176193210227244208e+02
8.708708708708708113e-02,-1.022326884361389075e-03,-4.167049932815698980e+02
8.808808808808808732e-02,-1.045256091639075284e-03,-4.157916675434193507e+02
8.908908908908909352e-02,-1.068423465373965261e-03,-4.148793438082727221e+02
9.009009009009008584e-02,-1.091828482984955615e-03,-4.139680220761301825e+02
9.109109109109109204e-02,-1.115470622464893782e-03,-4.130577023469916753e+02
9.209209209209209823e-02,-1.139349362380575855e-03,-4.121483846208570867e+02
9.309309309309309055e-02,-1.163464181872747019e-03,-4.112400688977265304e+02
9.409409409409409675e-02,-1.187814560656103718e-03,-4.103327551776000064e+02
9.509509509509508907e-02,-1.212399979019290622e-03,-4.094264434604775147e+02
9.609609609609609526e-02,-1.237219917824902574e-03,-4.085211337463589985e+02
9.709709709709710146e-02,-1.262273858509483726e-03,-4.076168260352444577e+02
9.809809809809809378e-02,-1.287561283083527757e-03,-4.067135203271339492e+02
9.909909909909909997e-02,-1.313081674131478518e-03,-4.058112166220274162e+02
1.001001001001000923e-01,-1.338834514811728955e-03,-4.049099149199249155e+02
1.011011011011010985e-01,-1.364819288856621753e-03,-4.040096152208264471e+02
1.021021021021021047e-01,-1.391035480572448907e-03,-4.031103175247319541e+02
1.031031031031030970e-01,-1.417482574839452154e-03,-4.022120218316414935e+02
1.041041041041041032e-01,-1.444160057111823188e-03,-4.013147281415549514e+02
1.051051051051051094e-01,-1.471067413417703447e-03,-4.004184364544724986e+02
1.061061061061061017e-01,-1.498204130359182158e-03,-3.995231467703940211e+02
1.071071071071071079e-01,-1.525569695112301109e-03,-3.986288590893195192e+02
1.081081081081081141e-01,-1.553163595427049012e-03,-3.977355734112490495e+02
1.091091091091091064e-01,-1.580985319627365403e-03,-3.968432897361826122e+02
1.101101101101101126e-01,-1.609034356611139778e-03,-3.959520080641202071e+02
1.111111111111111049e-01,-1.637310195850209859e-03,-3.950617283950617775e+02
1.121121121121121111e-01,-1.665812327390364623e-03,-3.941724507290072665e+02
1.131131131131131173e-01,-1.694540241851341493e-03,-3.932841750659568447e+02
1.141141141141141097e-01,-1.723493430426826980e-03,-3.923969014059103984e+02
1.151151151151151159e-01,-1.752671384884459723e-03,-3.915106297488679843e+02
1.161161161161161082e-01,-1.782073597565824417e-03,-3.906253600948295457e+02
1.171171171171171144e-01,-1.811699561386458969e-03,-3.897410924437951394e+02
1.181181181181181206e-01,-1.841548769835846906e-03,-3.888578267957647654e+02
1.191191191191191129e-01,-1.871620716977425184e-03,-3.879755631507383669e+02
1.201201201201201191e-01,-1.901914897448578768e-03,-3.870943015087158869e+02
1.211211211211211253e-01,-1.932430806460641061e-03,-3.862140418696975530e+02
1.221221221221221176e-01,-1.963167939798896727e-03,-3.853347842336831377e+02
1.231231231231231238e-01,-1.994125793822579089e-03,-3.844565286006726978e+02
1.241241241241241300e-01,-2.025303865464871643e-03,-3.835792749706663471e+02
1.251251251251251362e-01,-2.056701652232907629e-03,-3.827030233436639719e+02
1.261261261261261146e-01,-2.088318652207767859e-03,-3.818277737196656290e+02
1.271271271271271208e-01,-2.120154364044486792e-03,-3.809535260986712615e+02
1.281281281281281270e-01,-2.152208286972043857e-03,-3.800802804806808695e+02
1.291291291291291332e-01,-2.184479920793371693e-03,-3.792080368656945097e+02
1.301301301301301394e-01,-2.216968765885350082e-03,-3.783367952537121255e+02
1.311311311311311179e-01,-2.249674323198809413e-03,-3.774665556447337735e+02
1.321321321321321240e-01,-2.282596094258530686e-03,-3.765973180387594539e+02
1.331331331331331302e-01,-2.315733581163243338e-03,-3.757290824357891665e+02
1.341341341341341364e-01,-2.349086286585625252e-03,-3.748618488358228547e+02
1.351351351351351426e-01,-2.382653713772306218e-03,-3.739956172388605182e+02
1.361361361361361211e-01,-2.416435366543863601e-03,-3.731303876449022141e+02
1.371371371371371273e-01,-2.450430749294827109e-03,-3.722661600539478286e+02
1.381381381381381335e-01,-2.484639366993672722e-03,-3.714029344659974754e+02
1.391391391391391397e-01,-2.519060725182828333e-03,-3.705407108810512113e+02
1.401401401401401459e-01,-2.553694329978670272e-03,-3.696794892991089228e+02
1.411411411411411521e-01,-2.588539688071525048e-03,-3.688192697201706096e+02
1.421421421421421305e-01,-2.623596306725667609e-03,-3.679600521442363288e+02
1.431431431431431367e-01,-2.658863693779324380e-03,-3.671018365713060803e+02
1.441441441441441429e-01,-2.694341357644670226e-03,-3.662446230013797503e+02
1.451451451451451491e-01,-2.730028807307830624e-03,-3.653884114344575096e+02
1.461461461461461553e-01,-2.765925552328878621e-03,-3.645332018705391874e+02
1.471471471471471337e-01,-2.802031102841837009e-03,-3.636789943096248976e+02
1.481481481481481399e-01,-2.838344969554682223e-03,-3.628257887517146969e+02
1.491491491491491461e-01,-2.874866663749335235e-03,-3.619735851968084148e+02
1.501501501501501523e-01,-2.911595697281668931e-03,-3.611223836449061650e+02
1.511511511511511585e-01,-2.948531582581506369e-03,-3.602721840960078907e+02
1.521521521521521647e-01,-2.985673832652618181e-03,-3.594229865501136487e+02
1.531531531531531432e-01,-3.023021961072726478e-03,-3.585747910072234390e+02
1.541541541541541493e-01,-3.060575481993501809e-03,-3.577275974673372048e+02
1.551551551551551555e-01,-3.098333910140565334e-03,-3.568814059304549460e+02
1.561561561561561617e-01,-3.136296760813486219e-03,-3.560362163965767763e+02
1.571571571571571679e-01,-3.174463549885785107e-03,-3.551920288657025822e+02
1.581581581581581464e-01,-3.212833793804930217e-03,-3.543488433378323634e+02
1.591591591591591526e-01,-3.251407009592342540e-03,-3.535066598129661770e+02
1.601601601601601588e-01,-3.290182714843389779e-03,-3.526654782911039092e+02
1.611611611611611650e-01,-3.329160427727389376e-03,-3.518252987722456737e+02
1.621621621621621712e-01,-3.368339666987608515e-03,-3.509861212563915274e+02
1.631631631631631496e-01,-3.407719951941265424e-03,-3.501479457435412996e+02
1.641641641641641558e-01,-3.447300802479527203e-03,-3.493107722336951610e+02
1.651651651651651620e-01,-3.487081739067509831e-03,-3.484746007268529979e+02
1.661661661661661682e-01,-3.527062282744279458e-03,-3.476394312230148103e+02
1.671671671671671744e-01,-3.567241955122851978e-03,-3.468052637221806549e+02
1.681681681681681528e-01,-3.607620278390191726e-03,-3.459720982243504750e+02
1.691691691691691590e-01,-3.648196775307215381e-03,-3.451399347295243274e+02
1.701701701701701652e-01,-3.688970969208786328e-03,-3.443087732377021553e+02
1.711711711711711714e-01,-3.729942384003718994e-03,-3.434786137488840154e+02
1.721721721721721776e-01,-3.771110544174775814e-03,-3.426494562630699079e+02
1.731731731731731838e-01,-3.812474974778671567e-03,-3.418213007802597758e+02
1.741741741741741623e-01,-3.854035201446066004e-03,-3.409941473004536192e+02
1.751751751751751685e-01,-3.895790750381575556e-03,-3.401679958236515517e+02
1.761761761761761746e-01,-3.937741148363760324e-03,-3.393428463498533461e+02
1.771771771771771808e-01,-3.979885922745131886e-03,-3.385186988790592295e+02
1.781781781781781870e-01,-4.022224601452152430e-03,-3.376955534112690884e+02
1.791791791791791655e-01,-4.064756712985229982e-03,-3.368734099464829796e+02
1.801801801801801717e-01,-4.107481786418728381e-03,-3.360522684847009032e+02
1.811811811811811779e-01,-4.150399351400955138e-03,-3.352321290259228590e+02
1.821821821821821841e-01,-4.193508938154170973e-03,-3.344129915701487903e+02
1.831831831831831903e-01,-4.236810077474584615e-03,-3.335948561173786402e+02
1.841841841841841965e-01,-4.280302300732354535e-03,-3.327777226676125224e+02
1.851851851851851749e-01,-4.323985139871588945e-03,-3.319615912208504938e+02
1.861861861861861811e-01,-4.367858127410346666e-03,-3.311464617770923837e+02
1.871871871871871873e-01,-4.411920796440633660e-03,-3.303323343363383628e+02
1.881881881881881935e-01,-4.456172680628409100e-03,-3.295192088985883174e+02
1.891891891891891997e-01,-4.500613314213577562e-03,-3.287070854638422475e+02
1.901901901901901781e-01,-4.545242232009996837e-03,-3.278959640321002098e+02
1.911911911911911843e-01,-4.590058969405470986e-03,-3.270858446033620908e+02
1.921921921921921905e-01,-4.635063062361758149e-03,-3.262767271776281177e+02
1.931931931931931967e-01,-4.680254047414561004e-03,-3.254686117548980064e+02
1.941941941941942029e-01,-4.725631461673535441e-03,-3.246614983351719843e+02
1.951951951951951814e-01,-4.771194842822285356e-03,-3.238553869184499945e+02
1.961961961961961876e-01,-4.816943729118363521e-03,-3.230502775047319801e+02
1.971971971971971938e-01,-4.862877659393275050e-03,-3.222461700940179981e+02
1.981981981981981999e-01,-4.908996173052473065e-03,-3.214430646863079346e+02
1.991991991991992061e-01,-4.955298810075358697e-03,-3.206409612816019035e+02
2.002002002002001846e-01,-5.001785111015283683e-03,-3.198398598798999046e+02
2.012012012012011908e-01,-5.048454616999551239e-03,-3.190397604812018812e+02
2.022022022022021970e-01,-5.095306869729412588e-03,-3.182406630855078902e+02
2.032032032032032032e-01,-5.142341411480070429e-03,-3.174425676928179314e+02
2.042042042042042094e-01,-5.189557785100669396e-03,-3.166454743031320049e+02
2.052052052052052156e-01,-5.236955534014316876e-03,-3.158493829164499971e+02
2.062062062062061940e-01,-5.284534202218055254e-03,-3.150542935327720784e+02
2.072072072072072002e-01,-5.332293334282890533e-03,-3.142602061520980214e+02
2.082082082082082064e-01,-5.380232475353768917e-03,-3.134671207744280537e+02
2.092092092092092126e-01,-5.428351171149588955e-03,-3.126750373997621182e+02
2.102102102102102188e-01,-5.476648967963198070e-03,-3.118839560281001582e+02
2.112112112112111972e-01,-5.525125412661394293e-03,-3.110938766594422304e+02
2.122122122122122034e-01,-5.573780052684924533e-03,-3.103047992937882782e+02
2.132132132132132096e-01,-5.622612436048488038e-03,-3.095167239311383582e+02
2.142142142142142158e-01,-5.671622111340729466e-03,-3.087296505714924137e+02
2.152152152152152220e-01,-5.720808627724243214e-03,-3.079435792148505016e+02
2.162162162162162282e-01,-5.770171534935578626e-03,-3.071585098612125080e+02
2.172172172172172067e-01,-5.819710383285226114e-03,-3.063744425105786036e+02
2.182182182182182129e-01,-5.869424723657635373e-03,-3.055913771629487314e+02
2.192192192192192191e-01,-5.919314107511197166e-03,-3.048093138183228348e+02
2.202202202202202252e-01,-5.969378086878258938e-03,-3.040282524767009704e+02
2.212212212212212314e-01,-6.019616214365111802e-03,-3.032481931380830247e+02
2.222222222222222099e-01,-6.070028043151997482e-03,-3.024691358024691681e+02
2.232232232232232161e-01,-6.120613126993112649e-03,-3.016910804698592301e+02
2.242242242242242223e-01,-6.171371020216597642e-03,-3.009140271402533244e+02
2.252252252252252285e-01,-6.222301277724546012e-03,-3.001379758136514511e+02
2.262262262262262347e-01,-6.273403454992994982e-03,-2.993629264900536100e+02
2.272272272272272131e-01,-6.324677108071937587e-03,-2.985888791694597444e+02
2.282282282282282193e-01,-6.376121793585320073e-03,-2.978158338518699111e+02
2.292292292292292255e-01,-6.427737068731025419e-03,-2.970437905372840532e+02
2.302302302302302317e-01,-6.479522491280898487e-03,-2.962727492257021709e+02
2.312312312312312379e-01,-6.531477619580725209e-03,-2.955027099171242639e+02
2.322322322322322163e-01,-6.583602012550243861e-03,-2.947336726115505030e+02
2.332332332332332225e-01,-6.635895229683148530e-03,-2.939656373089806038e+02
2.342342342342342287e-01,-6.688356831047073507e-03,-2.931986040094147938e+02
2.352352352352352349e-01,-6.740986377283608028e-03,-2.924325727128530161e+02
2.362362362362362411e-01,-6.793783429608287600e-03,-2.916675434192952139e+02
2.372372372372372473e-01,-6.846747549810602677e-03,-2.909035161287413302e+02
2.382382382382382258e-01,-6.899878300253986518e-03,-2.901404908411915358e+02
2.392392392392392320e-01,-6.953175243875827326e-03,-2.893784675566457736e+02
2.402402402402402382e-01,-7.006637944187461310e-03,-2.886174462751039300e+02
2.412412412412412444e-01,-7.060265965274172689e-03,-2.878574269965661188e+02
2.422422422422422505e-01,-7.114058871795194555e-03,-2.870984097210323398e+02
2.432432432432432290e-01,-7.168016228983714946e-03,-2.863403944485025931e+02
2.442442442442442352e-01,-7.222137602646866439e-03,-2.855833811789767651e+02
2.452452452452452414e-01,-7.276422559165735687e-03,-2.848273699124550262e+02
2.462462462462462476e-01,-7.330870665495351282e-03,-2.840723606489372060e+02
2.472472472472472538e-01,-7.385481489164699362e-03,-2.833183533884234748e+02
2.482482482482482600e-01,-7.440254598276711470e-03,-2.825653481309136623e+02
2.492492492492492384e-01,-7.495189561508268025e-03,-2.818133448764079390e+02
2.502502502502502724e-01,-7.550285948110207861e-03,-2.810623436249061911e+02
2.512512512512512508e-01,-7.605543327907302205e-03,-2.803123443764084186e+02
2.522522522522522292e-01,-7.660961271298285906e-03,-2.795633471309147353e+02
2.532532532532532632e-01,-7.716539349255846156e-03,-2.788153518884249706e+02
2.542542542542542416e-01,-7.772277133326601674e-03,-2.780683586489392383e+02
2.552552552552552756e-01,-7.828174195631141738e-03,-2.773223674124574814e+02
2.562562562562562540e-01,-7.884230108863989755e-03,-2.765773781789797567e+02
2.572572572572572325e-01,-7.940444446293624947e-03,-2.758333909485061213e+02
2.582582582582582664e-01,-7.996816781762483214e-03,-2.750904057210363476e+02
2.592592592592592449e-01,-8.053346689686930251e-03,-2.743484224965706630e+02
2.602602602602602788e-01,-8.110033745057304913e-03,-2.736074412751089540e+02
2.612612612612612573e-01,-8.166877523437879316e-03,-2.728674620566512203e+02
2.622622622622622357e-01,-8.223877600966874452e-03,-2.721284848411975759e+02
2.632632632632632697e-01,-8.281033554356482737e-03,-2.713905096287478500e+02
2.642642642642642481e-01,-8.338344960892814239e-03,-2.706535364193022133e+02
2.652652652652652820e-01,-8.395811398435953921e-03,-2.699175652128604952e+02
2.662662662662662605e-01,-8.453432445419921740e-03,-2.691825960094228662e+02
2.672672672672672389e-01,-8.511207680852693469e-03,-2.684486288089891559e+02
2.682682682682682729e-01,-8.569136684316200694e-03,-2.677156636115594779e+02
2.692692692692692513e-01,-8.627219035966304794e-03,-2.669837004171338322e+02
2.702702702702702853e-01,-8.685454316532840308e-03,-2.662527392257122187e+02
2.712712712712712637e-01,-8.743842107319573301e-03,-2.655227800372945808e+02
2.722722722722722422e-01,-8.802381990204227388e-03,-2.647938228518809183e+02
2.732732732732732761e-01,-8.861073547638483733e-03,-2.640658676694712881e+02
2.742742742742742545e-01,-8.919916362647951555e-03,-2.633389144900656333e+02
2.752752752752752885e-01,-8.978910018832211501e-03,-2.626129633136639541e+02
2.762762762762762669e-01,-9.038054100364777479e-03,-2.618880141402663639e+02
2.772772772772773009e-01,-9.097348191993129621e-03,-2.611640669698728061e+02
2.782782782782782793e-01,-9.156791879038676113e-03,-2.604411218024831669e+02
2.792792792792792578e-01,-9.216384747396794835e-03,-2.597191786380975600e+02
2.802802802802802917e-01,-9.276126383536810807e-03,-2.589982374767159286e+02
2.812812812812812702e-01,-9.336016374501978840e-03,-2.582782983183383294e+02
2.822822822822823041e-01,-9.396054307909528641e-03,-2.575593611629647057e+02
2.832832832832832826e-01,-9.456239771950623180e-03,-2.568414260105951712e+02
2.842842842842842610e-01,-9.516572355390379503e-03,-2.561244928612296690e+02
2.852852852852852950e-01,-9.577051647567868739e-03,-2.554085617148680285e+02
2.862862862862862734e-01,-9.637677238396105683e-03,-2.546936325715104772e+02
2.872872872872873073e-01,-9.698448718362060947e-03,-2.539797054311568445e+02
2.882882882882882858e-01,-9.759365678526647075e-03,-2.532667802938073009e+02
2.892892892892892642e-01,-9.820427710524725490e-03,-2.525548571594617613e+02
2.902902902902902982e-01,-9.881634406565123832e-03,-2.518439360281202255e+02
2.912912912912912766e-01,-9.942985359430592598e-03,-2.511340168997826936e+02
2.922922922922923106e-01,-1.000448016247786065e-02,-2.504250997744491087e+02
2.932932932932932890e-01,-1.006611840963757797e-02,-2.497171846521195846e+02
2.942942942942942675e-01,-1.012789969541436422e-02,-2.490102715327940643e+02
2.952952952952953014e-01,-1.018982361488679315e-02,-2.483043604164724911e+02
2.962962962962962798e-01,-1.025188976370736138e-02,-2.475994513031549786e+02
2.972972972972973138e-01,-1.031409773810254213e-02,-2.468955441928414984e+02
2.982982982982982922e-01,-1.037644713487274016e-02,-2.461926390855319937e+02
2.992992992992992707e-01,-1.043893755139232299e-02,-2.454907359812264929e+02
3.003003003003003046e-01,-1.050156858560960006e-02,-2.447898348799249675e+02
3.013013013013012831e-01,-1.056433983604682970e-02,-2.440899357816274744e+02
3.023023023023023170e-01,-1.062725090180022779e-02,-2.433910386863339568e+02
3.033033033033032955e-01,-1.069030138253995038e-02,-2.426931435940444715e+02
3.043043043043043294e-01,-1.075349087851010764e-02,-2.419962505047590184e+02
3.053053053053053079e-01,-1.081681899052876032e-02,-2.413003594184775409e+02
3.063063063063062863e-01,-1.088028531998791286e-02,-2.406054703352000956e+02
3.073073073073073203e-01,-1.094388946885353070e-02,-2.399115832549265974e+02
3.083083083083082987e-01,-1.100763103966551776e-02,-2.392186981776571315e+02
3.093093093093093326e-01,-1.107150963553773203e-02,-2.385268151033916411e+02
3.103103103103103111e-01,-1.113552486015798038e-02,-2.378359340321302398e+02
3.113113113113112895e-01,-1.119967631778801681e-02,-2.371460549638728139e+02
3.123123123123123235e-01,-1.126396361326355462e-02,-2.364571778986193351e+02
3.133133133133133019e-01,-1.132838635199424730e-02,-2.357693028363699170e+02
3.143143143143143359e-01,-1.139294413996369895e-02,-2.350824297771244460e+02
3.153153153153153143e-01,-1.145763658372946428e-02,-2.343965587208830357e+02
3.163163163163162928e-01,-1.152246329042304514e-02,-2.337116896676456008e+02
3.173173173173173267e-01,-1.158742386774990613e-02,-2.330278226174122267e+02
3.183183183183183051e-01,-1.165251792398943817e-02,-2.323449575701828280e+02
3.193193193193193391e-01,-1.171774506799500883e-02,-2.316630945259573764e+02
3.203203203203203175e-01,-1.178310490919390850e-02,-2.309822334847359855e+02
3.213213213213212960e-01,-1.184859705758739556e-02,-2.303023744465185985e+02
3.223223223223223299e-01,-1.191422112375067205e-02,-2.296235174113051585e+02
3.233233233233233084e-01,-1.197997671883289234e-02,-2.289456623790958076e+02
3.243243243243243423e-01,-1.204586345455715274e-02,-2.282688093498904323e+02
3.253253253253253208e-01,-1.211188094322050886e-02,-2.275929583236890608e+02
3.263263263263262992e-01,-1.217802879769395649e-02,-2.269181093004917216e+02
3.273273273273273332e-01,-1.224430663142245072e-02,-2.262442622802983010e+02
3.283283283283283116e-01,-1.231071405842489030e-02,-2.255714172631089696e+02
3.293293293293293456e-01,-1.237725069329412113e-02,-2.248995742489235568e+02
3.303303303303303240e-01,-1.244391615119694663e-02,-2.242287332377422899e+02
3.313313313313313024e-01,-1.251071004787411046e-02,-2.235588942295649417e+02
3.323323323323323364e-01,-1.257763199964032075e-02,-2.228900572243915690e+02
3.333333333333333148e-01,-1.264468162338421540e-02,-2.222222222222222285e+02
3.343343343343343488e-01,-1.271185853656839858e-02,-2.215553892230568636e+02
3.353353353353353272e-01,-1.277916235722940767e-02,-2.208895582268955593e+02
3.363363363363363057e-01,-1.284659270397774632e-02,-2.202247292337382305e+02
3.373373373373373396e-01,-1.291414919599786527e-02,-2.195609022435849624e+02
3.383383383383383181e-01,-1.298183145304815031e-02,-2.188980772564356414e+02
3.393393393393393520e-01,-1.304963909546095514e-02,-2.182362542722902958e+02
3.403403403403403304e-01,-1.311757174414257023e-02,-2.175754332911490110e+02
3.413413413413413644e-01,-1.318562902057324009e-02,-2.169156143130116732e+02
3.423423423423423428e-01,-1.325381054680715986e-02,-2.162567973378783961e+02
3.433433433433433213e-01,-1.332211594547247184e-02,-2.155989823657491229e+02
3.443443443443443552e-01,-1.339054483977127064e-02,-2.149421693966238536e+02
3.453453453453453337e-01,-1.345909685347959975e-02,-2.142863584305025881e+02
3.463463463463463676e-01,-1.352777161094745155e-02,-2.136315494673852982e+02
3.473473473473473461e-01,-1.359656873709876555e-02,-2.129777425072720121e+02
3.483483483483483245e-01,-1.366548785743143535e-02,-2.123249375501627583e+02
3.493493493493493585e-01,-1.373452859801730687e-02,-2.116731345960574799e+02
3.503503503503503369e-01,-1.380369058550216105e-02,-2.110223336449562908e+02
3.513513513513513709e-01,-1.387297344710575198e-02,-2.103725346968590202e+02
3.523523523523523493e-01,-1.394237681062175140e-02,-2.097237377517657819e+02
3.533533533533533277e-01,-1.401190030441781288e-02,-2.090759428096765760e+02
3.543543543543543617e-01,-1.408154355743552501e-02,-2.084291498705912886e+02
3.553553553553553401e-01,-1.415130619919042175e-02,-2.077833589345100904e+02
3.563563563563563741e-01,-1.422118785977199117e-02,-2.071385700014328108e+02
3.573573573573573525e-01,-1.429118816984367366e-02,-2.064947830713596773e+02
3.583583583583583310e-01,-1.436130676064285676e-02,-2.058519981442904623e+02
3.593593593593593649e-01,-1.443154326398088036e-02,-2.052102152202252228e+02
3.603603603603603434e-01,-1.450189731224302454e-02,-2.045694342991640156e+02
3.613613613613613773e-01,-1.457236853838853562e-02,-2.039296553811068122e+02
3.623623623623623557e-01,-1.464295657595058621e-02,-2.032908784660536412e+02
3.633633633633633342e-01,-1.471366105903632038e-02,-2.026531035540044456e+02
3.643643643643643681e-01,-1.478448162232682585e-02,-2.020163306449592824e+02
3.653653653653653466e-01,-1.485541790107713055e-02,-2.013805597389181230e+02
3.663663663663663805e-01,-1.492646953111622168e-02,-2.007457908358809107e+02
3.673673673673673590e-01,-1.499763614884703188e-02,-2.001120239358477590e+02
3.683683683683683929e-01,-1.506891739124644955e-02,-1.994792590388185545e+02
3.693693693693693714e-01,-1.514031289586529813e-02,-1.988474961447934106e+02
3.703703703703703498e-01,-1.521182230082837247e-02,-1.982167352537723275e+02
3.713713713713713838e-01,-1.528344524483439722e-02,-1.975869763657551630e+02
3.723723723723723622e-01,-1.535518136715605456e-02,-1.969582194807420024e+02
3.733733733733733962e-01,-1.542703030763997903e-02,-1.963304645987328456e+02
3.743743743743743746e-01,-1.549899170670675057e-02,-1.957037117197277212e+02
3.753753753753753530e-01,-1.557106520535089453e-02,-1.950779608437266006e+02
3.763763763763763870e-01,-1.564325044514090074e-02,-1.944532119707294555e+02
3.773773773773773654e-01,-1.571554706821918362e-02,-1.938294651007363996e+02
3.783783783783783994e-01,-1.578795471730214811e-02,-1.932067202337472622e+02
3.793793793793793778e-01,-1.586047303568010117e-02,-1.925849773697621572e+02
3.803803803803803563e-01,-1.593310166721732812e-02,-1.919642365087810845e+02
3.813813813813813902e-01,-1.600584025635206145e-02,-1.913444976508039304e+02
3.823823823823823687e-01,-1.607868844809646341e-02,-1.907257607958308654e+02
3.833833833833834026e-01,-1.615164588803668158e-02,-1.901080259438617759e+02
3.843843843843843811e-01,-1.622471222233278984e-02,-1.894912930948967187e+02
3.853853853853853595e-01,-1.629788709771879535e-02,-1.888755622489356369e+02
3.863863863863863934e-01,-1.637117016150269749e-02,-1.882608334059785307e+02
3.873873873873873719e-01,-1.644456106156641159e-02,-1.876471065660255135e+02
3.883883883883884058e-01,-1.651805944636581050e-02,-1.870343817290764150e+02
3.893893893893893843e-01,-1.659166496493072462e-02,-1.864226588951313488e+02
3.903903903903903627e-01,-1.666537726686492804e-02,-1.858119380641903717e+02
3.913913913913913967e-01,-1.673919600234614197e-02,-1.852022192362532849e+02
3.923923923923923751e-01,-1.681312082212603476e-02,-1.845935024113202303e+02
3.933933933933934091e-01,-1.688715137753024620e-02,-1.839857875893911796e+02
3.943943943943943875e-01,-1.696128732045833545e-02,-1.833790747704661612e+02
3.953953953953953659e-01,-1.703552830338383312e-02,-1.827733639545451467e+02
3.963963963963963999e-01,-1.710987397935420304e-02,-1.821686551416280793e+02
3.973973973973973783e-01,-1.718432400199087010e-02,-1.815649483317151294e+02
3.983983983983984123e-01,-1.725887802548920977e-02,-1.809622435248060981e+02
3.993993993993993907e-01,-1.733353570461853774e-02,-1.803605407209010991e+02
4.004004004004003692e-01,-1.740829669472212030e-02,-1.797598399200001040e+02
4.014014014014014031e-01,-1.748316065171719516e-02,-1.791601411221030844e+02
4.024024024024023816e-01,-1.755812723209490556e-02,-1.785614443272100971e+02
4.034034034034034155e-01,-1.763319609292039736e-02,-1.779637495353211420e+02
4.044044044044043940e-01,-1.770836689183272195e-02,-1.773670567464361625e+02
4.054054054054054279e-01,-1.778363928704490560e-02,-1.767713659605551584e+02
4.064064064064064064e-01,-1.785901293734391826e-02,-1.761766771776781866e+02
4.074074074074073848e-01,-1.793448750209065967e-02,-1.755829903978052187e+02
4.084084084084084187e-01,-1.801006264122002182e-02,-1.749903056209362262e+02
4.094094094094093972e-01,-1.808573801524080565e-02,-1.743986228470712945e+02
4.104104104104104311e-01,-1.816151328523578357e-02,-1.738079420762103666e+02
4.114114114114114096e-01,-1.823738811286166467e-02,-1.732182633083534142e+02
4.124124124124123880e-01,-1.831336216034912256e-02,-1.726295865435004657e+02
4.134134134134134220e-01,-1.838943509050277106e-02,-1.720419117816514927e+02
4.144144144144144004e-01,-1.846560656670117109e-02,-1.714552390228066088e+02
4.154154154154154344e-01,-1.854187625289684116e-02,-1.708695682669656435e+02
4.164164164164164128e-01,-1.861824381361623995e-02,-1.702848995141287105e+02
4.174174174174173912e-01,-1.869470891395978371e-02,-1.697012327642958667e+02
4.184184184184184252e-01,-1.877127121960184275e-02,-1.691185680174669415e+02
4.194194194194194036e-01,-1.884793039679071719e-02,-1.685369052736420485e+02
4.204204204204204376e-01,-1.892468611234867509e-02,-1.679562445328210742e+02
4.214214214214214160e-01,-1.900153803367193167e-02,-1.673765857950041891e+02
4.224224224224223945e-01,-1.907848582873063886e-02,-1.667979290601913362e+02
4.234234234234234284e-01,-1.915552916606891656e-02,-1.662202743283824589e+02
4.244244244244244069e-01,-1.923266771480482140e-02,-1.656436215995775854e+02
4.254254254254254408e-01,-1.930990114463037102e-02,-1.650679708737766873e+02
4.264264264264264193e-01,-1.938722912581150939e-02,-1.644933221509797932e+02
4.274274274274273977e-01,-1.946465132918815885e-02,-1.639196754311869597e+02
4.284284284284284317e-01,-1.954216742617417846e-02,-1.633470307143980733e+02
4.294294294294294101e-01,-1.961977708875737095e-02,-1.627753880006132192e+02
4.304304304304304440e-01,-1.969747998949949661e-02,-1.622047472898323690e+02
4.314314314314314225e-01,-1.977527580153626632e-02,-1.616351085820555511e+02
4.324324324324324564e-01,-1.985316419857733120e-02,-1.610664718772826802e+02
4.334334334334334349e-01,-1.993114485490629639e-02,-1.604988371755138417e+02
4.344344344344344133e-01,-2.000921744538073505e-02,-1.599322044767490354e+02
4.354354354354354473e-01,-2.008738164543213967e-02,-1.593665737809881762e+02
4.364364364364364257e-01,-2.016563713106596378e-02,-1.588019450882313492e+02
4.374374374374374597e-01,-2.024398357886161501e-02,-1.582383183984785546e+02
4.384384384384384381e-01,-2.032242066597244809e-02,-1.576756937117297639e+02
4.394394394394394165e-01,-2.040094807012577879e-02,-1.571140710279849486e+02
4.404404404404404505e-01,-2.047956546962284227e-02,-1.565534503472441088e+02
4.414414414414414289e-01,-2.055827254333886592e-02,-1.559938316695073581e+02
4.424424424424424629e-01,-2.063706897072298263e-02,-1.554352149947745261e+02
4.434434434434434413e-01,-2.071595443179829674e-02,-1.548776003230457832e+02
4.444444444444444198e-01,-2.079492860716187011e-02,-1.543209876543210157e+02
4.454454454454454537e-01,-2.087399117798469789e-02,-1.537653769886002237e+02
4.464464464464464322e-01,-2.095314182601173622e-02,-1.532107683258834641e+02
4.474474474474474661e-01,-2.103238023356188494e-02,-1.526571616661706514e+02
4.484484484484484446e-01,-2.111170608352799100e-02,-1.521045570094618995e+02
4.494494494494494230e-01,-2.119111905937685891e-02,-1.515529543557571515e+02
4.504504504504504570e-01,-2.127061884514924381e-02,-1.510023537050564357e+02
4.514514514514514354e-01,-2.135020512545983060e-02,-1.504527550573596955e+02
4.524524524524524693e-01,-2.142987758549728602e-02,-1.499041584126669022e+02
4.534534534534534478e-01,-2.150963591102418929e-02,-1.493565637709781981e+02
4.544544544544544262e-01,-2.158947978837710488e-02,-1.488099711322934695e+02
4.554554554554554602e-01,-2.166940890446653403e-02,-1.482643804966127163e+02
4.564564564564564386e-01,-2.174942294677690430e-02,-1.477197918639359955e+02
4.574574574574574726e-01,-2.182952160336662853e-02,-1.471762052342633069e+02
4.584584584584584510e-01,-2.190970456286804938e-02,-1.466336206075945938e+02
4.594594594594594295e-01,-2.198997151448745663e-02,-1.460920379839299130e+02
4.604604604604604634e-01,-2.207032214800510803e-02,-1.455514573632691508e+02
4.614614614614614418e-01,-2.215075615377519458e-02,-1.450118787456124778e+02
4.624624624624624758e-01,-2.223127322272586484e-02,-1.444733021309597802e+02
4.634634634634634542e-01,-2.231187304635919022e-02,-1.439357275193111150e+02
4.644644644644644327e-01,-2.239255531675124825e-02,-1.433991549106664820e+02
4.654654654654654666e-01,-2.247331972655201501e-02,-1.428635843050257677e+02
4.664664664664664451e-01,-2.255416596898544498e-02,-1.423290157023890856e+02
4.674674674674674790e-01,-2.263509373784941547e-02,-1.417954491027563790e+02
4.684684684684684575e-01,-2.271610272751577522e-02,-1.412628845061277616e+02
4.694694694694694914e-01,-2.279719263293032358e-02,-1.407313219125030628e+02
4.704704704704704699e-01,-2.287836314961278969e-02,-1.402007613218824531e+02
4.714714714714714483e-01,-2.295961397365687412e-02,-1.396712027342658189e+02
4.724724724724724823e-01,-2.304094480173021764e-02,-1.391426461496531601e+02
4.734734734734734607e-01,-2.312235533107441163e-02,-1.386150915680445337e+02
4.744744744744744946e-01,-2.320384525950499807e-02,-1.380885389894398827e+02
4.754754754754754731e-01,-2.328541428541145569e-02,-1.375629884138392640e+02
4.764764764764764515e-01,-2.336706210775723117e-02,-1.370384398412426208e+02
4.774774774774774855e-01,-2.344878842607971831e-02,-1.365148932716500383e+02
4.784784784784784639e-01,-2.353059294049023725e-02,-1.359923487050614312e+02
4.794794794794794979e-01,-2.361247535167410386e-02,-1.354708061414767997e+02
4.804804804804804763e-01,-2.369443536089053601e-02,-1.349502655808962004e+02
4.814814814814814548e-01,-2.377647266997272649e-02,-1.344307270233196050e+02
4.824824824824824887e-01,-2.385858698132781522e-02,-1.339121904687470135e+02
4.834834834834834671e-01,-2.394077799793687539e-02,-1.333946559171784543e+02
4.844844844844845011e-01,-2.402304542335497242e-02,-1.328781233686138705e+02
4.854854854854854795e-01,-2.410538896171105644e-02,-1.323625928230533191e+02
4.864864864864864580e-01,-2.418780831770808021e-02,-1.318480642804967147e+02
4.874874874874874919e-01,-2.427030319662292976e-02,-1.313345377409441426e+02
4.884884884884884704e-01,-2.435287330430643826e-02,-1.308220132043956028e+02
4.894894894894895043e-01,-2.443551834718339991e-02,-1.303104906708510100e+02
4.904904904904904828e-01,-2.451823803225251439e-02,-1.297999701403105064e+02
4.914914914914914612e-01,-2.460103206708650833e-02,-1.292904516127739782e+02
4.924924924924924952e-01,-2.468390015983198613e-02,-1.287819350882413971e+02
4.934934934934934736e-01,-2.476684201920953052e-02,-1.282744205667128767e+02
4.944944944944945076e-01,-2.484985735451369568e-02,-1.277679080481883176e+02
4.954954954954954860e-01,-2.493294587561293782e-02,-1.272623975326677908e+02
4.964964964964965199e-01,-2.501610729294970539e-02,-1.267578890201512394e+02
4.974974974974974984e-01,-2.509934131754036971e-02,-1.262543825106387914e+02
4.984984984984984768e-01,-2.518264766097525614e-02,-1.257518780041302762e+02
4.994994994994995108e-01,-2.526602603541867192e-02,-1.252503755006257506e+02
5.005005005005005447e-01,-2.534947615360881590e-02,-1.247498750001252148e+02
5.015015015015015232e-01,-2.543299772885787915e-02,-1.242503765026287255e+02
5.025025025025025016e-01,-2.551659047505198952e-02,-1.237518800081362542e+02
5.035035035035034801e-01,-2.560025410665122542e-02,-1.232543855166478295e+02
5.045045045045044585e-01,-2.568398833868961242e-02,-1.227578930281633376e+02
5.055055055055055480e-01,-2.576779288677514754e-02,-1.222624025426828211e+02
5.065065065065065264e-01,-2.585166746708972979e-02,-1.217679140602063512e+02
5.075075075075075048e-01,-2.593561179638924352e-02,-1.212744275807338852e+02
5.085085085085084833e-01,-2.601962559200351674e-02,-1.207819431042654230e+02
5.095095095095094617e-01,-2.610370857183633153e-02,-1.202904606308009647e+02
5.105105105105105512e-01,-2.618786045436541712e-02,-1.197999801603405103e+02
5.115115115115115296e-01,-2.627208095864243600e-02,-1.193105016928840882e+02
5.125125125125125081e-01,-2.635636980429300821e-02,-1.188220252284315848e+02
5.135135135135134865e-01,-2.644072671151672174e-02,-1.183345507669832557e+02
5.145145145145144649e-01,-2.652515140108710479e-02,-1.178480783085388452e+02
5.155155155155155544e-01,-2.660964359435161533e-02,-1.173626078530983534e+02
5.165165165165165329e-01,-2.669420301323168626e-02,-1.168781394006619507e+02
5.175175175175175113e-01,-2.677882938022268372e-02,-1.163946729512295519e+02
5.185185185185184897e-01,-2.686352241839393140e-02,-1.159122085048011286e+02
5.195195195195194682e-01,-2.694828185138870014e-02,-1.154307460613767091e+02
5.205205205205205576e-01,-2.703310740342422525e-02,-1.149502856209562651e+02
5.215215215215215361e-01,-2.711799879929166143e-02,-1.144708271835398818e+02
5.225225225225225145e-01,-2.720295576435613483e-02,-1.139923707491275024e+02
5.235235235235234930e-01,-2.728797802455670829e-02,-1.135149163177190985e+02
5.245245245245244714e-01,-2.737306530640640917e-02,-1.130384638893147269e+02
5.255255255255255609e-01,-2.745821733699221889e-02,-1.125630134639143023e+02
5.265265265265265393e-01,-2.754343384397503827e-02,-1.120885650415179384e+02
5.275275275275275177e-01,-2.762871455558973260e-02,-1.116151186221256921e+02
5.285285285285284962e-01,-2.771405920064513514e-02,-1.111426742057373360e+02
5.295295295295294746e-01,-2.779946750852400547e-02,-1.106712317923529838e+02
5.305305305305305641e-01,-2.788493920918306418e-02,-1.102007913819725786e+02
5.315315315315315425e-01,-2.797047403315297553e-02,-1.097313529745962342e+02
5.325325325325325210e-01,-2.805607171153835441e-02,-1.092629165702238936e+02
5.335335335335334994e-01,-2.814173197601776630e-02,-1.087954821688555569e+02
5.345345345345344779e-01,-2.822745455884373769e-02,-1.083290497704912241e+02
5.355355355355355673e-01,-2.831323919284272489e-02,-1.078636193751308383e+02
5.365365365365365458e-01,-2.839908561141514173e-02,-1.073991909827745417e+02
5.375375375375375242e-01,-2.848499354853535614e-02,-1.069357645934222205e+02
5.385385385385385026e-01,-2.857096273875167625e-02,-1.064733402070739317e+02
5.395395395395394811e-01,-2.865699291718636771e-02,-1.060119178237295898e+02
5.405405405405405705e-01,-2.874308381953565722e-02,-1.055514974433893656e+02
5.415415415415415490e-01,-2.882923518206969085e-02,-1.050920790660530599e+02
5.425425425425425274e-01,-2.891544674163258957e-02,-1.046336626917207866e+02
5.435435435435435059e-01,-2.900171823564241108e-02,-1.041762483203925171e+02
5.445445445445444843e-01,-2.908804940209116022e-02,-1.037198359520682232e+02
5.455455455455455738e-01,-2.917443997954482712e-02,-1.032644255867479046e+02
5.465465465465465522e-01,-2.926088970714329010e-02,-1.028100172244316468e+02
5.475475475475475307e-01,-2.934739832460040929e-02,-1.023566108651193645e+02
5.485485485485485091e-01,-2.943396557220401971e-02,-1.019042065088111144e+02
5.495495495495495986e-01,-2.952059119081586885e-02,-1.014528041555068114e+02
5.505505505505505770e-01,-2.960727492187165827e-02,-1.010024038052065407e+02
5.515515515515515554e-01,-2.969401650738105400e-02,-1.005530054579103023e+02
5.525525525525525339e-01,-2.978081568992766576e-02,-1.001046091136180678e+02
5.535535535535535123e-01,-2.986767221266905040e-02,-9.965721477232997927e+01
5.545545545545546018e-01,-2.995458581933672232e-02,-9.921082243404569567e+01
5.555555555555555802e-01,-3.004155625423611878e-02,-9.876543209876547280e+01
5.565565565565565587e-01,-3.012858326224665192e-02,-9.832104376648922539e+01
5.575575575575575371e-01,-3.021566658882169840e-02,-9.787765743721703871e+01
5.585585585585585155e-01,-3.030280597998853340e-02,-9.743527311094879906e+01
5.595595595595596050e-01,-3.039000118234845907e-02,-9.699389078768456329e+01
5.605605605605605835e-01,-3.047725194307662061e-02,-9.655351046742435983e+01
5.615615615615615619e-01,-3.056455800992221444e-02,-9.611413215016816025e+01
5.625625625625625403e-01,-3.065191913120832862e-02,-9.567575583591599298e+01
5.635635635635635188e-01,-3.073933505583202261e-02,-9.523838152466780116e+01
5.645645645645646082e-01,-3.082680553326430997e-02,-9.480200921642358480e+01
5.655655655655655867e-01,-3.091433031355011324e-02,-9.436663891118340075e+01
5.665665665665665651e-01,-3.100190914730836800e-02,-9.393227060894724900e+01
5.675675675675675436e-01,-3.108954178573189453e-02,-9.349890430971518640e+01
5.685685685685685220e-01,-3.117722798058752617e-02,-9.306654001348704242e+01
5.695695695695696115e-01,-3.126496748421600524e-02,-9.263517772026281705e+01
5.705705705705705899e-01,-3.135276004953201079e-02,-9.220481743004265240e+01
5.715715715715715683e-01,-3.144060543002422103e-02,-9.177545914282652006e+01
5.725725725725725468e-01,-3.152850337975521972e-02,-9.134710285861439161e+01
5.735735735735735252e-01,-3.161645365336156199e-02,-9.091974857740626703e+01
5.745745745745746147e-01,-3.170445600605376058e-02,-9.049339629920206107e+01
5.755755755755755931e-01,-3.179251019361625102e-02,-9.006804602400197268e+01
5.765765765765765716e-01,-3.188061597240741257e-02,-8.964369775180583133e+01
5.775775775775775500e-01,-3.196877309935962364e-02,-8.922035148261372228e+01
5.785785785785785285e-01,-3.205698133197917160e-02,-8.879800721642561712e+01
5.795795795795796179e-01,-3.214524042834630141e-02,-8.837666495324145899e+01
5.805805805805805964e-01,-3.223355014711521555e-02,-8.795632469306147527e+01
5.815815815815815748e-01,-3.232191024751404629e-02,-8.753698643588538175e+01
5.825825825825825532e-01,-3.241032048934491122e-02,-8.711865018171329211e+01
5.835835835835835317e-01,-3.249878063298384384e-02,-8.670131593054520636e+01
5.845845845845846211e-01,-3.258729043938084907e-02,-8.628498368238109606e+01
5.855855855855855996e-01,-3.267584967005984775e-02,-8.586965343722101807e+01
5.865865865865865780e-01,-3.276445808711873908e-02,-8.545532519506494396e+01
5.875875875875875565e-01,-3.285311545322939369e-02,-8.504199895591287373e+01
5.885885885885885349e-01,-3.294182153163758425e-02,-8.462967471976480738e+01
5.895895895895896244e-01,-3.303057608616306873e-02,-8.421835248662071649e+01
5.905905905905906028e-01,-3.311937888119952100e-02,-8.380803225648065791e+01
5.915915915915915813e-01,-3.320822968171458639e-02,-8.339871402934460320e+01
5.925925925925925597e-01,-3.329712825324987469e-02,-8.299039780521258081e+01
5.935935935935935381e-01,-3.338607436192091160e-02,-8.258308358408467598e+01
5.945945945945946276e-01,-3.347506777441720122e-02,-8.217677136596060450e+01
5.955955955955956060e-01,-3.356410825800215658e-02,-8.177146115084056532e+01
5.965965965965965845e-01,-3.365319558051318993e-02,-8.136715293872453003e+01
5.975975975975975629e-01,-3.374232951036164330e-02,-8.096384672961252704e+01
5.985985985985985414e-01,-3.383150981653280237e-02,-8.056154252350452794e+01
5.995995995995996308e-01,-3.392073626858591040e-02,-8.016024032040047587e+01
6.006006006006006093e-01,-3.401000863665414042e-02,-7.975994012030045610e+01
6.016016016016015877e-01,-3.409932669144464384e-02,-7.936064192320446864e+01
6.026026026026025662e-01,-3.418869020423850186e-02,-7.896234572911248506e+01
6.036036036036035446e-01,-3.427809894689076015e-02,-7.856505153802450536e+01
6.046046046046046341e-01,-3.436755269183040112e-02,-7.816875934994047270e+01
6.056056056056056125e-01,-3.445705121206036475e-02,-7.777346916486050077e+01
6.066066066066065909e-01,-3.454659428115752773e-02,-7.737918098278453272e+01
6.076076076076075694e-01,-3.463618167327273123e-02,-7.698589480371268223e+01
6.086086086086086588e-01,-3.472581316313076705e-02,-7.659361062764466510e+01
6.096096096096096373e-01,-3.481548852603036370e-02,-7.620232845458073712e+01
6.106106106106106157e-01,-3.490520753784420033e-02,-7.581204828452078459e+01
6.116116116116115942e-01,-3.499496997501892054e-02,-7.542277011746483595e+01
6.126126126126125726e-01,-3.508477561457510469e-02,-7.503449395341289119e+01
6.136136136136136621e-01,-3.517462423410729067e-02,-7.464721979236489346e+01
6.146146146146146405e-01,-3.526451561178395311e-02,-7.426094763432098489e+01
6.156156156156156189e-01,-3.535444952634753113e-02,-7.387567747928108020e+01
6.166166166166165974e-01,-3.544442575711440058e-02,-7.349140932724515096e+01
6.176176176176175758e-01,-3.553444408397490178e-02,-7.310814317821322561e+01
6.186186186186186653e-01,-3.562450428739331182e-02,-7.272587903218527572e+01
6.196196196196196437e-01,-3.571460614840785835e-02,-7.234461688916135813e+01
6.206206206206206222e-01,-3.580474944863072662e-02,-7.196435674914158653e+01
6.216216216216216006e-01,-3.589493397024803856e-02,-7.158509861212567671e+01
6.226226226226225791e-01,-3.598515949601988062e-02,-7.120684247811379919e+01
6.236236236236236685e-01,-3.607542580928030373e-02,-7.082958834710586871e+01
6.246246246246246470e-01,-3.616573269393724005e-02,-7.045333621910197053e+01
6.256256256256256254e-01,-3.625607993447264865e-02,-7.007808609410210465e+01
6.266266266266266038e-01,-3.634646731594240454e-02,-6.970383797210624266e+01
6.276276276276275823e-01,-3.643689462397632639e-02,-6.933059185311438455e+01
6.286286286286286717e-01,-3.652736164477821124e-02,-6.895834773712647348e+01
6.296296296296296502e-01,-3.661786816512576509e-02,-6.858710562414265155e+01
6.306306306306306286e-01,-3.670841397237066539e-02,-6.821686551416277666e+01
6.316316316316316071e-01,-3.679899885443854712e-02,-6.784762740718693408e+01
6.326326326326325855e-01,-3.688962259982898201e-02,-6.747939130321509538e+01
6.336336336336336750e-01,-3.698028499761551319e-02,-6.711215720224734582e+01
6.346346346346346534e-01,-3.707098583744557890e-02,-6.674592510428348646e+01
6.356356356356356319e-01,-3.716172490954063046e-02,-6.638069500932368783e+01
6.366366366366366103e-01,-3.725250200469602119e-02,-6.601646691736783623e+01
6.376376376376375887e-01,-3.734331691428111055e-02,-6.565324082841604536e+01
6.386386386386386782e-01,-3.743416943023913923e-02,-6.529101674246820153e+01
6.396396396396396566e-01,-3.752505934508733321e-02,-6.492979465952439000e+01
6.406406406406406351e-01,-3.761598645191688295e-02,-6.456957457958458235e+01
6.416416416416416135e-01,-3.770695054439288790e-02,-6.421035650264880701e+01
6.426426426426425920e-01,-3.779795141675443976e-02,-6.385214042871700713e+01
6.436436436436436814e-01,-3.788898886381454612e-02,-6.349492635778915428e+01
6.446446446446446599e-01,-3.798006268096018601e-02,-6.313871428986539058e+01
6.456456456456456383e-01,-3.807117266415227519e-02,-6.278350422494560235e+01
6.466466466466466168e-01,-3.816231860992568697e-02,-6.242929616302987483e+01
6.476476476476475952e-01,-3.825350031538923140e-02,-6.207609010411820805e+01
6.486486486486486847e-01,-3.834471757822568994e-02,-6.172388604821040303e+01
6.496496496496496631e-01,-3.843597019669176690e-02,-6.137268399530665874e+01
6.506506506506506415e-01,-3.852725796961814497e-02,-6.102248394540688992e+01
6.516516516516516200e-01,-3.861858069640943664e-02,-6.067328589851115339e+01
6.526526526526525984e-01,-3.870993817704421192e-02,-6.032508985461942075e+01
6.536536536536536879e-01,-3.880133021207497757e-02,-5.997789581373163514e+01
6.546546546546546663e-01,-3.889275660262821177e-02,-5.963170377584791026e+01
6.556556556556556448e-01,-3.898421715040431557e-02,-5.928651374096816085e+01
6.566566566566566232e-01,-3.907571165767768917e-02,-5.894232570909247215e+01
6.576576576576576016e-01,-3.916723992729660014e-02,-5.859913968022075892e+01
6.586586586586586911e-01,-3.925880176268335686e-02,-5.825695565435299272e+01
6.596596596596596696e-01,-3.935039696783414198e-02,-5.791577363148928725e+01
6.606606606606606480e-01,-3.944202534731913734e-02,-5.757559361162969935e+01
6.616616616616616264e-01,-3.953368670628244763e-02,-5.723641559477400165e+01
6.626626626626626049e-01,-3.962538085044214203e-02,-5.689823958092230782e+01
6.636636636636636943e-01,-3.971710758609024033e-02,-5.656106557007458946e+01
6.646646646646646728e-01,-3.980886672009269212e-02,-5.622489356223090340e+01
6.656656656656656512e-01,-3.990065805988941144e-02,-5.588972355739122122e+01
6.666666666666666297e-01,-3.999248141349426300e-02,-5.555555555555557135e+01
6.676676676676676081e-01,-4.008433658949505513e-02,-5.522238955672389693e+01
6.686686686686686976e-01,-4.017622339705356760e-02,-5.489022556089622640e+01
6.696696696696696760e-01,-4.026814164590547529e-02,-5.455906356807255975e+01
6.706706706706706544e-01,-4.036009114636045919e-02,-5.422890357825289698e+01
6.716716716716716329e-01,-4.045207170930213009e-02,-5.389974559143723809e+01
6.726726726726726113e-01,-4.054408314618804243e-02,-5.357158960762561151e+01
6.736736736736737008e-01,-4.063612526904972905e-02,-5.324443562681804565e+01
6.746746746746746792e-01,-4.072819789049260397e-02,-5.291828364901442683e+01
6.756756756756756577e-01,-4.082030082369609431e-02,-5.259313367421478347e+01
6.766766766766766361e-01,-4.091243388241357082e-02,-5.226898570241917241e+01
6.776776776776777256e-01,-4.100459688097234101e-02,-5.194583973362753682e+01
6.786786786786787040e-01,-4.109678963427363524e-02,-5.162369576783990510e+01
6.796796796796796825e-01,-4.118901195779267610e-02,-5.130255380505630569e+01
6.806806806806806609e-01,-4.128126366757862986e-02,-5.098241384527671016e+01
6.816816816816816393e-01,-4.137354458025457871e-02,-5.066327588850109009e+01
6.826826826826827288e-01,-4.146585451301761094e-02,-5.034513993472947391e+01
6.836836836836837072e-01,-4.155819328363869608e-02,-5.002800598396189002e+01
6.846846846846846857e-01,-4.165056071046280978e-02,-4.971187403619833844e+01
6.856856856856856641e-01,-4.174295661240884359e-02,-4.939674409143873390e+01
6.866866866866866426e-01,-4.183538080896966743e-02,-4.908261614968319009e+01
6.876876876876877320e-01,-4.192783312021207409e-02,-4.876949021093167858e+01
6.886886886886887105e-01,-4.202031336677681389e-02,-4.845736627518414252e+01
6.896896896896896889e-01,-4.211282136987858082e-02,-4.814624434244055351e+01
6.906906906906906674e-01,-4.220535695130606113e-02,-4.783612441270102522e+01
6.916916916916916458e-01,-4.229791993342182227e-02,-4.752700648596550081e+01
6.926926926926927353e-01,-4.239051013916242394e-02,-4.721889056223389503e+01
6.936936936936937137e-01,-4.248312739203836952e-02,-4.691177664150634996e+01
6.946946946946946921e-01,-4.257577151613410604e-02,-4.660566472378280878e+01
6.956956956956956706e-01,-4.266844233610804504e-02,-4.630055480906332832e+01
6.966966966966966490e-01,-4.276113967719251396e-02,-4.599644689734776648e+01
6.976976976976977385e-01,-4.285386336519384637e-02,-4.569334098863623694e+01
6.986986986986987169e-01,-4.294661322649225704e-02,-4.539123708292873971e+01
6.996996996996996954e-01,-4.303938908804194607e-02,-4.509013518022521794e+01
7.007007007007006738e-01,-4.313219077737107804e-02,-4.479003528052581373e+01
7.017017017017016522e-01,-4.322501812258175424e-02,-4.449093738383032814e+01
7.027027027027027417e-01,-4.331787095235001966e-02,-4.419284149013881802e+01
7.037037037037037202e-01,-4.341074909592584907e-02,-4.389574759945134019e+01
7.047047047047046986e-01,-4.350365238313319560e-02,-4.359965571176783783e+01
7.057057057057056770e-01,-4.359658064436996994e-02,-4.330456582708836777e+01
7.067067067067066555e-01,-4.368953371060800561e-02,-4.301047794541290159e+01
7.077077077077077449e-01,-4.378251141339312147e-02,-4.271739206674141087e+01
7.087087087087087234e-01,-4.387551358484501757e-02,-4.242530819107392404e+01
7.097097097097097018e-01,-4.396854005765742784e-02,-4.213422631841049792e+01
7.107107107107106803e-01,-4.406159066509796746e-02,-4.184414644875101885e+01
7.117117117117116587e-01,-4.415466524100825074e-02,-4.155506858209557208e+01
7.127127127127127482e-01,-4.424776361980381489e-02,-4.126699271844410077e+01
7.137137137137137266e-01,-4.434088563647414077e-02,-4.097991885779677546e+01
7.147147147147147050e-01,-4.443403112658269455e-02,-4.069384700015336875e+01
7.157157157157156835e-01,-4.452719992626683748e-02,-4.040877714551390909e+01
7.167167167167166619e-01,-4.462039187223793002e-02,-4.012470929387848173e+01
7.177177177177177514e-01,-4.471360680178129016e-02,-3.984164344524708667e+01
7.187187187187187298e-01,-4.480684455275608935e-02,-3.955957959961966708e+01
7.197197197197197083e-01,-4.490010496359558151e-02,-3.927851775699627979e+01
7.207207207207206867e-01,-4.499338787330685319e-02,-3.899845791737681111e+01
7.217217217217216652e-01,-4.508669312147103869e-02,-3.871940008076143158e+01
7.227227227227227546e-01,-4.518002054824318131e-02,-3.844134424715002751e+01
7.237237237237237331e-01,-4.527336999435221943e-02,-3.816429041654265575e+01
7.247247247247247115e-01,-4.536674130110111836e-02,-3.788823858893925944e+01
7.257257257257256899e-01,-4.546013431036677321e-02,-3.761318876433989544e+01
7.267267267267266684e-01,-4.555354886460001584e-02,-3.733914094274450690e+01
7.277277277277277578e-01,-4.564698480682563564e-02,-3.706609512415320751e+01
7.287287287287287363e-01,-4.574044198064236566e-02,-3.679405130856588357e+01
7.297297297297297147e-01,-4.583392023022287570e-02,-3.652300949598247826e+01
7.307307307307306932e-01,-4.592741940031384168e-02,-3.625296968640316209e+01
7.317317317317316716e-01,-4.602093933623580685e-02,-3.598393187982782138e+01
7.327327327327327611e-01,-4.611447988388333447e-02,-3.571589607625639928e+01
7.337337337337337395e-01,-4.620804088972489676e-02,-3.544886227568912318e+01
7.347347347347347180e-01,-4.630162220080291657e-02,-3.518283047812576569e+01
7.357357357357356964e-01,-4.639522366473380205e-02,-3.491780068356644051e+01
7.367367367367367859e-01,-4.648884512970787725e-02,-3.465377289201109079e+01
7.377377377377377643e-01,-4.658248644448940989e-02,-3.439074710345977337e+01
7.387387387387387427e-01,-4.667614745841663915e-02,-3.412872331791243141e+01
7.397397397397397212e-01,-4.676982802140176171e-02,-3.386770153536917860e+01
7.407407407407406996e-01,-4.686352798393089020e-02,-3.360768175582995809e+01
7.417417417417417891e-01,-4.695724719706413641e-02,-3.334866397929465620e+01
7.427427427427427675e-01,-4.705098551243547950e-02,-3.309064820576332977e+01
7.437437437437437460e-01,-4.714474278225294634e-02,-3.283363443523603564e+01
7.447447447447447244e-01,-4.723851885929844507e-02,-3.257762266771277382e+01
7.457457457457457028e-01,-4.733231359692786216e-02,-3.232261290319348745e+01
7.467467467467467923e-01,-4.742612684907102083e-02,-3.206860514167817655e+01
7.477477477477477708e-01,-4.751995847023171571e-02,-3.181559938316695479e+01
7.487487487487487492e-01,-4.761380831548765041e-02,-3.156359562765970850e+01
7.497497497497497276e-01,-4.770767624049051386e-02,-3.131259387515643766e+01
7.507507507507507061e-01,-4.780156210146593171e-02,-3.106259412565719913e+01
7.517517517517517955e-01,-4.789546575521349409e-02,-3.081359637916187921e+01
7.527527527527527740e-01,-4.798938705910670705e-02,-3.056560063567064844e+01
7.537537537537537524e-01,-4.808332587109304807e-02,-3.031860689518350682e+01
7.547547547547547309e-01,-4.817728204969395911e-02,-3.007261515770028382e+01
7.557557557557557093e-01,-4.827125545400481887e-02,-2.982762542322109311e+01
7.567567567567567988e-01,-4.836524594369493585e-02,-2.958363769174582103e+01
7.577577577577577772e-01,-4.845925337900758301e-02,-2.934065196327458125e+01
7.587587587587587556e-01,-4.855327762075999087e-02,-2.909866823780737377e+01
7.597597597597597341e-01,-4.864731853034334058e-02,-2.885768651534419860e+01
7.607607607607607125e-01,-4.874137596972274999e-02,-2.861770679588499888e+01
7.617617617617618020e-01,-4.883544980143729453e-02,-2.837872907942977463e+01
7.627627627627627804e-01,-4.892953988859998632e-02,-2.814075336597858268e+01
7.637637637637637589e-01,-4.902364609489778813e-02,-2.790377965553136619e+01
7.647647647647647373e-01,-4.911776828459165495e-02,-2.766780794808818200e+01
7.657657657657657158e-01,-4.921190632251643687e-02,-2.743283824364903012e+01
7.667667667667668052e-01,-4.930606007408096236e-02,-2.719887054221391054e+01
7.677677677677677837e-01,-4.940022940526798967e-02,-2.696590484378276642e+01
7.687687687687687621e-01,-4.949441418263425541e-02,-2.673394114835565460e+01
7.697697697697697405e-01,-4.958861427331040517e-02,-2.650297945593246141e+01
7.707707707707707190e-01,-4.968282954500108373e-02,-2.627301976651330051e+01
7.717717717717718084e-01,-4.977705986598485177e-02,-2.604406208009811508e+01
7.727727727727727869e-01,-4.987130510511422754e-02,-2.581610639668696194e+01
7.737737737737737653e-01,-4.996556513181566600e-02,-2.558915271627984112e+01
7.747747747747747438e-01,-5.005983981608961436e-02,-2.536320103887675259e+01
7.757757757757757222e-01,-5.015412902851039412e-02,-2.513825136447758268e+01
7.767767767767768117e-01,-5.024843264022637451e-02,-2.491430369308244508e+01
7.777777777777777901e-01,-5.034275052295978520e-02,-2.469135802469133978e+01
7.787787787787787686e-01,-5.043708254900685500e-02,-2.446941435930420994e+01
7.797797797797797470e-01,-5.053142859123774949e-02,-2.424847269692111240e+01
7.807807807807807254e-01,-5.062578852309657096e-02,-2.402853303754210401e+01
7.817817817817818149e-01,-5.072016221860142088e-02,-2.380959538116701424e+01
7.827827827827827933e-01,-5.081454955234426113e-02,-2.359165972779589993e+01
7.837837837837837718e-01,-5.090895039949110135e-02,-2.337472607742881792e+01
7.847847847847847502e-01,-5.100336463578181156e-02,-2.315879443006571137e+01
7.857857857857857287e-01,-5.109779213753029570e-02,-2.294386478570663712e+01
7.867867867867868181e-01,-5.119223278162437357e-02,-2.272993714435153834e+01
7.877877877877877966e-01,-5.128668644552574624e-02,-2.251701150600047185e+01
7.887887887887887750e-01,-5.138115300727018331e-02,-2.230508787065343768e+01
7.897897897897897534e-01,-5.147563234546732175e-02,-2.209416623831037896e+01
7.907907907907907319e-01,-5.157012433930077688e-02,-2.188424660897135254e+01
7.917917917917918214e-01,-5.166462886852811465e-02,-2.167532898263624475e+01
7.927927927927927998e-01,-5.175914581348083077e-02,-2.146741335930516925e+01
7.937937937937937782e-01,-5.185367505506439240e-02,-2.126049973897823975e+01
7.947947947947947567e-01,-5.194821647475821730e-02,-2.105458812165522886e+01
7.957957957957957351e-01,-5.204276995461565303e-02,-2.084967850733619343e+01
7.967967967967968246e-01,-5.213733537726403938e-02,-2.064577089602119031e+01
7.977977977977978030e-01,-5.223191262590456962e-02,-2.044286528771010580e+01
7.987987987987987815e-01,-5.232650158431252641e-02,-2.024096168240316729e+01
7.997997997997997599e-01,-5.242110213683700420e-02,-2.004006008010014739e+01
8.008008008008007383e-01,-5.251571416840113832e-02,-1.984016048080110295e+01
8.018018018018018278e-01,-5.261033756450200771e-02,-1.964126288450609081e+01
8.028028028028028062e-01,-5.270497221121057257e-02,-1.944336729121511098e+01
8.038038038038037847e-01,-5.279961799517181309e-02,-1.924647370092810661e+01
8.048048048048047631e-01,-5.289427480360463230e-02,-1.905058211364513454e+01
8.058058058058058526e-01,-5.298894252430190466e-02,-1.885569252936613793e+01
8.068068068068068310e-01,-5.308362104563039974e-02,-1.866180494809128732e+01
8.078078078078078095e-01,-5.317831025653087934e-02,-1.846891936982029847e+01
8.088088088088087879e-01,-5.327301004651805588e-02,-1.827703579455334193e+01
8.098098098098097664e-01,-5.336772030568059239e-02,-1.808615422229041769e+01
8.108108108108108558e-01,-5.346244092468107473e-02,-1.789627465303141207e+01
8.118118118118118343e-01,-5.355717179475606715e-02,-1.770739708677649560e+01
8.128128128128128127e-01,-5.365191280771605675e-02,-1.751952152352555458e+01
8.138138138138137911e-01,-5.374666385594550205e-02,-1.733264796327858903e+01
8.148148148148147696e-01,-5.384142483240281218e-02,-1.714677640603565578e+01
8.158158158158158590e-01,-5.393619563062033301e-02,-1.696190685179669799e+01
8.168168168168168375e-01,-5.403097614470436100e-02,-1.677803930056177251e+01
8.178178178178178159e-01,-5.412576626933514323e-02,-1.659517375233082248e+01
8.188188188188187944e-01,-5.422056589976690516e-02,-1.641331020710396160e+01
8.198198198198197728e-01,-5.431537493182776732e-02,-1.623244866488107618e+01
8.208208208208208623e-01,-5.441019326191983557e-02,-1.605258912566227991e+01
8.218218218218218407e-01,-5.450502078701915942e-02,-1.587373158944734541e+01
8.228228228228228192e-01,-5.459985740467572513e-02,-1.569587605623644322e+01
8.238238238238237976e-01,-5.469470301301351811e-02,-1.551902252602957333e+01
8.248248248248247760e-01,-5.478955751073039115e-02,-1.534317099882667890e+01
8.258258258258258655e-01,-5.488442079709822397e-02,-1.516832147462775993e+01
8.268268268268268439e-01,-5.497929277196278441e-02,-1.499447395343287326e+01
8.278278278278278224e-01,-5.507417333574384649e-02,-1.482162843524201890e+01
8.288288288288288008e-01,-5.516906238943507929e-02,-1.464978492005519684e+01
8.298298298298297793e-01,-5.526395983460415107e-02,-1.447894340787235024e+01
8.308308308308308687e-01,-5.535886557339264602e-02,-1.430910389869347910e+01
8.318318318318318472e-01,-5.545377950851610588e-02,-1.414026639251858342e+01
8.328328328328328256e-01,-5.554870154326400911e-02,-1.397243088934772004e+01
8.338338338338338041e-01,-5.564363158149982641e-02,-1.380559738918100265e+01
8.348348348348347825e-01,-5.573856952766095829e-02,-1.363976589201820389e+01
8.358358358358358720e-01,-5.583351528675872810e-02,-1.347493639785932373e+01
8.368368368368368504e-01,-5.592846876437842368e-02,-1.331110890670453273e+01
8.378378378378378288e-01,-5.602342986667929736e-02,-1.314828341855371718e+01
8.388388388388388073e-01,-5.611839850039452432e-02,-1.298645993340693394e+01
8.398398398398397857e-01,-5.621337457283127198e-02,-1.282563845126412616e+01
8.408408408408408752e-01,-5.630835799187060980e-02,-1.266581897212523700e+01
8.418418418418418536e-01,-5.640334866596759256e-02,-1.250700149599049382e+01
8.428428428428428321e-01,-5.649834650415118398e-02,-1.234918602285966927e+01
8.438438438438438105e-01,-5.659335141602436087e-02,-1.219237255273287701e+01
8.448448448448447889e-01,-5.668836331176398818e-02,-1.203656108561011706e+01
8.458458458458458784e-01,-5.678338210212091619e-02,-1.188175162149127573e+01
8.468468468468468568e-01,-5.687840769841992494e-02,-1.172794416037663723e+01
8.478478478478478353e-01,-5.697344001255974510e-02,-1.157513870226586050e+01
8.488488488488488137e-01,-5.706847895701307183e-02,-1.142333524715911608e+01
8.498498498498497922e-01,-5.716352444482655087e-02,-1.127253379505634712e+01
8.508508508508508816e-01,-5.725857638962077167e-02,-1.112273434595761046e+01
8.518518518518518601e-01,-5.735363470559023957e-02,-1.097393689986284926e+01
8.528528528528528385e-01,-5.744869930750345910e-02,-1.082614145677206352e+01
8.538538538538538170e-01,-5.754377011070287845e-02,-1.067934801668536693e+01
8.548548548548547954e-01,-5.763884703110487562e-02,-1.053355657960264580e+01
8.558558558558558849e-01,-5.773392998519977226e-02,-1.038876714552384328e+01
8.568568568568568633e-01,-5.782901889005186841e-02,-1.024497971444918676e+01
8.578578578578578417e-01,-5.792411366329938693e-02,-1.010219428637844885e+01
8.588588588588588202e-01,-5.801921422315450827e-02,-9.960410861311743247e+00
8.598598598598597986e-01,-5.811432048840336345e-02,-9.819629439249013103e+00
8.608608608608608881e-01,-5.820943237840604800e-02,-9.679850020190372106e+00
8.618618618618618665e-01,-5.830454981309660112e-02,-9.541072604135706570e+00
8.628628628628628450e-01,-5.839967271298297791e-02,-9.403297191085016493e+00
8.638638638638638234e-01,-5.849480099914713960e-02,-9.266523781038358720e+00
8.648648648648649129e-01,-5.858993459324493558e-02,-9.130752373995619564e+00
8.658658658658658913e-01,-5.868507341750621442e-02,-8.995982969956969555e+00
8.668668668668668698e-01,-5.878021739473473367e-02,-8.862215568922238162e+00
8.678678678678678482e-01,-5.887536644830827087e-02,-8.729450170891595917e+00
8.688688688688688266e-01,-5.897052050217847785e-02,-8.597686775864985975e+00
8.698698698698699161e-01,-5.906567948087097092e-02,-8.466925383842294650e+00
8.708708708708708945e-01,-5.916084330948533782e-02,-8.337165994823635629e+00
8.718718718718718730e-01,-5.925601191369510301e-02,-8.208408608808952067e+00
8.728728728728728514e-01,-5.935118521974775546e-02,-8.080653225798300809e+00
8.738738738738738299e-01,-5.944636315446472086e-02,-7.953899845791795542e+00
8.748748748748749193e-01,-5.954154564524136856e-02,-7.828148468789152048e+00
8.758758758758758978e-01,-5.963673262004702547e-02,-7.703399094790540858e+00
8.768768768768768762e-01,-5.973192400742496216e-02,-7.579651723795905127e+00
8.778778778778778547e-01,-5.982711973649242759e-02,-7.456906355805301700e+00
8.788788788788788331e-01,-5.992231973694057273e-02,-7.335162990818673734e+00
8.798798798798799226e-01,-6.001752393903454080e-02,-7.214421628836078071e+00
8.808808808808809010e-01,-6.011273227361335625e-02,-7.094682269857401025e+00
8.818818818818818794e-01,-6.020794467209011902e-02,-6.975944913882869969e+00
8.828828828828828579e-01,-6.030316106645174784e-02,-6.858209560912257530e+00
8.838838838838838363e-01,-6.039838138925918837e-02,-6.741476210945620551e+00
8.848848848848849258e-01,-6.049360557364732299e-02,-6.625744863983072719e+00
8.858858858858859042e-01,-6.058883355332495002e-02,-6.511015520024500347e+00
8.868868868868868827e-01,-6.068406526257483224e-02,-6.397288179070017122e+00
8.878878878878878611e-01,-6.077930063625373164e-02,-6.284562841119452514e+00
8.888888888888888395e-01,-6.087453960979229139e-02,-6.172839506172920210e+00
8.898898898898899290e-01,-6.096978211919514001e-02,-6.062118174230306522e+00
8.908908908908909074e-01,-6.106502810104083578e-02,-5.952398845291781981e+00
8.918918918918918859e-01,-6.116027749248190842e-02,-5.843681519357232901e+00
8.928928928928928643e-01,-6.125553023124482438e-02,-5.735966196426659280e+00
8.938938938938938428e-01,-6.135078625563000765e-02,-5.629252876500117964e+00
8.948948948948949322e-01,-6.144604550451183284e-02,-5.523541559577552107e+00
8.958958958958959107e-01,-6.154130791733861822e-02,-5.418832245659075397e+00
8.968968968968968891e-01,-6.163657343413259104e-02,-5.315124934744517304e+00
8.978978978978978676e-01,-6.173184199549001244e-02,-5.212419626833991515e+00
8.988988988988988460e-01,-6.182711354258103864e-02,-5.110716321927498029e+00
8.998998998998999355e-01,-6.192238801714979729e-02,-5.010015020024980004e+00
9.009009009009009139e-01,-6.201766536151433890e-02,-4.910315721126607968e+00
9.019019019019018923e-01,-6.211294551856667151e-02,-4.811618425232097707e+00
9.029029029029028708e-01,-6.220822843177275380e-02,-4.713923132341562905e+00
9.039039039039038492e-01,-6.230351404517252972e-02,-4.617229842455060407e+00
9.049049049049049387e-01,-6.239880230337987305e-02,-4.521538555572590212e+00
9.059059059059059171e-01,-6.249409315158257344e-02,-4.426849271694152321e+00
9.069069069069068956e-01,-6.258938653554235731e-02,-4.333161990819633047e+00
9.079079079079078740e-01,-6.268468240159502658e-02,-4.240476712949202920e+00
9.089089089089088525e-01,-6.277998069665015335e-02,-4.148793438082691409e+00
9.099099099099099419e-01,-6.287528136819142688e-02,-4.058112166220212202e+00
9.109109109109109204e-01,-6.297058436427636907e-02,-3.968432897361765299e+00
9.119119119119118988e-01,-6.306588963353647326e-02,-3.879755631507350699e+00
9.129129129129128772e-01,-6.316119712517724583e-02,-3.792080368656911560e+00
9.139139139139138557e-01,-6.325650678897806745e-02,-3.705407108810561567e+00
9.149149149149149451e-01,-6.335181857529230409e-02,-3.619735851968130191e+00
9.159159159159159236e-01,-6.344713243504727929e-02,-3.535066598129731119e+00
9.169169169169169020e-01,-6.354244831974423247e-02,-3.451399347295307507e+00
9.179179179179178805e-01,-6.363776618145836061e-02,-3.368734099464802512e+00
9.189189189189188589e-01,-6.373308597283888766e-02,-3.287070854638443507e+00
9.199199199199199484e-01,-6.382840764710887016e-02,-3.206409612816059962e+00
9.209209209209209268e-01,-6.392373115806535000e-02,-3.126750373997595034e+00
9.219219219219219053e-01,-6.401905646007936823e-02,-3.048093138183219253e+00
9.229229229229228837e-01,-6.411438350809586795e-02,-2.970437905372818932e+00
9.239239239239238621e-01,-6.420971225763376367e-02,-2.893784675566394071e+00
9.249249249249249516e-01,-6.430504266478592745e-02,-2.818133448764058357e+00
9.259259259259259300e-01,-6.440037468621911954e-02,-2.743484224965698104e+00
9.269269269269269085e-01,-6.449570827917411320e-02,-2.669837004171370154e+00
9.279279279279278869e-01,-6.459104340146563927e-02,-2.597191786381017664e+00
9.289289289289288654e-01,-6.468638001148235839e-02,-2.525548571594697478e+00
9.299299299299299548e-01,-6.478171806818681933e-02,-2.454907359812295908e+00
9.309309309309309333e-01,-6.487705753111561169e-02,-2.385268151033926642e+00
9.319319319319319117e-01,-6.497239836037924099e-02,-2.316630945259589680e+00
9.329329329329328901e-01,-6.506774051666215641e-02,-2.248995742489228178e+00
9.339339339339339796e-01,-6.516308396122276470e-02,-2.182362542722898979e+00
9.349349349349349581e-01,-6.525842865589340236e-02,-2.116731345960545241e+00
9.359359359359359365e-01,-6.535377456308037736e-02,-2.052102152202223806e+00
9.369369369369369149e-01,-6.544912164576396907e-02,-1.988474961447934675e+00
9.379379379379378934e-01,-6.554446986749831727e-02,-1.925849773697621004e+00
9.389389389389389828e-01,-6.563981919241163032e-02,-1.864226588951225949e+00
9.399399399399399613e-01,-6.573516958520599085e-02,-1.803605407209090572e+00
9.409409409409409397e-01,-6.583052101115742516e-02,-1.743986228470760125e+00
9.419419419419419182e-01,-6.592587343611595874e-02,-1.685369052736461981e+00
9.429429429429428966e-01,-6.602122682650553298e-02,-1.627753880006139298e+00
9.439439439439439861e-01,-6.611658114932407460e-02,-1.571140710279905761e+00
9.449449449449449645e-01,-6.621193637214335681e-02,-1.515529543557533998e+00
9.459459459459459429e-01,-6.630729246310927694e-02,-1.460920379839308225e+00
9.469469469469469214e-01,-6.640264939094148167e-02,-1.407313219125001069e+00
9.479479479479478998e-01,-6.649800712493374177e-02,-1.354708061414726217e+00
9.489489489489489893e-01,-6.659336563495368844e-02,-1.303104906708483668e+00
9.499499499499499677e-01,-6.668872489144288263e-02,-1.252503755006216579e+00
9.509509509509509462e-01,-6.678408486541692612e-02,-1.202904606307981794e+00
9.519519519519519246e-01,-6.687944552846525337e-02,-1.154307460613722469e+00
9.529529529529529031e-01,-6.697480685275133960e-02,-1.106712317923495448e+00
9.539539539539539925e-01,-6.707016881101260375e-02,-1.060119178237357573e+00
9.549549549549549710e-01,-6.716553137656033901e-02,-1.014528041555081472e+00
9.559559559559559494e-01,-6.726089452327989326e-02,-9.699389078768945183e-01
9.569569569569569278e-01,-6.735625822563044707e-02,-9.263517772026261810e-01
9.579579579579579063e-01,-6.745162245864524952e-02,-8.837666495324469906e-01
9.589589589589589957e-01,-6.754698719793141015e-02,-8.421835248661864171e-01
9.599599599599599742e-01,-6.764235241967003764e-02,-8.016024032039581471e-01
9.609609609609609526e-01,-6.773771810061617049e-02,-7.620232845458190241e-01
9.619619619619619311e-01,-6.783308421809879085e-02,-7.234461688915985178e-01
9.629629629629629095e-01,-6.792845075002082456e-02,-6.858710562413534717e-01
9.639639639639639990e-01,-6.802381767485922437e-02,-6.492979465951975726e-01
9.649649649649649774e-01,-6.811918497166477571e-02,-6.137268399530739771e-01
9.659659659659659559e-01,-6.821455262006226317e-02,-5.791577363148689983e-01
9.669669669669669343e-01,-6.830992060025045665e-02,-5.455906356807531665e-01
9.679679679679679127e-01,-6.840528889300202808e-02,-5.130255380506127949e-01
9.689689689689690022e-01,-6.850065747966362084e-02,-4.814624434244478834e-01
9.699699699699699806e-01,-6.859602634215583583e-02,-4.509013518022584321e-01
9.709709709709709591e-01,-6.869139546297317600e-02,-4.213422631841581278e-01
9.719719719719719375e-01,-6.878676482518414348e-02,-3.927851775699764403e-01
9.729729729729729160e-01,-6.888213441243118407e-02,-3.652300949598270563e-01
9.739739739739740054e-01,-6.897750420893068724e-02,-3.386770153536531325e-01
9.749749749749749839e-01,-6.907287419947297225e-02,-3.131259387515115122e-01
9.759759759759759623e-01,-6.916824436942234366e-02,-2.885768651534021956e-01
9.769769769769769407e-01,-6.926361470471702197e-02,-2.650297945593251825e-01
9.779779779779779192e-01,-6.935898519186919908e-02,-2.424847269691667861e-01
9.789789789789790087e-01,-6.945435581796502444e-02,-2.209416623830975368e-01
9.799799799799799871e-01,-6.954972657066453567e-02,-2.004006008009469042e-01
9.809809809809809655e-01,-6.964509743820179732e-02,-1.808615422229422620e-01
9.819819819819819440e-01,-6.974046840938480374e-02,-1.623244866488562366e-01
9.829829829829829224e-01,-6.983583947359546518e-02,-1.447894340788025147e-01
9.839839839839840119e-01,-6.993121062078966332e-02,-1.282563845126674096e-01
9.849849849849849903e-01,-7.002658184149725129e-02,-1.127253379505646080e-01
9.859859859859859688e-01,-7.012195312682199810e-02,-9.819629439249411007e-02
9.869869869869869472e-01,-7.021732446844163034e-02,-8.466925383845591568e-02
9.879879879879879256e-01,-7.031269585860781823e-02,-7.214421628833633804e-02
9.889889889889890151e-01,-7.040806729014623122e-02,-6.062118174230590739e-02
9.899899899899899935e-01,-7.050343875645639913e-02,-5.010015020019409349e-02
9.909909909909909720e-01,-7.059881025151189260e-02,-4.058112166217142658e-02
9.919919919919919504e-01,-7.069418176986017044e-02,-3.206409612812421983e-02
9.929929929929930399e-01,-7.078955330662266288e-02,-2.454907359805247324e-02
9.939939939939940183e-01,-7.088492485749474381e-02,-1.803605407212671707e-02
9.949949949949949968e-01,-7.098029641874574469e-02,-1.252503755011957765e-02
9.959959959959959752e-01,-7.107566798721895451e-02,-8.016024032087898377e-03
9.969969969969969537e-01,-7.117103956033156431e-02,-4.509013518031679268e-03
9.979979979979980431e-01,-7.126641113607483369e-02,-2.004006008064607158e-03
9.989989989989990216e-01,-7.136178271301378551e-02,-5.010015020161517896e-04
1.000000000000000000e+00,-7.145715429028753896e-02,0.000000000000000000e+00
